Training Dataset,Test Dataset,Score,Notes
amd+gplay,piggybacked,0.81/0.72,Orthodox
amd+gplay,original,0.20/0.38,???
amd+original,piggybacked,0.17/0.50,Adversarial
amd+original,original,0.98/0.94,Makes sense
amd+original,malgenome,0.78/0.83,Makes sense
amd+malgenome+gplay,piggybacked,0.81/0.79,Orthodox
amd+malgenome+gplay,original,0.20/0.30,???
amd+original+gplay,piggybacked,0.19/0.34,Adversarial
amd+original+gplay,original,0.98/0.98,Makes sense
amd+original+gplay,malgenome,0.86/0.65,Makes sense
amd+malgenome+original+gplay,piggybacked,0.30/0.43,Adversarial
amd+malgenome+original+gplay,original,0.91/0.92,Makes sense
amd+malgenome+original+gplay,malgenome,0.99/0.95,Makes sense
